Anatomical Name,Phenotype
Amygdala,0.956189508
Hippocampus,-0.068698091
Caudate,-0.500254405
Putamen,-1.801481263
Pallidum,0.166127862
Thalamus,1.248116388
